{
  "test_acc": 0.9933333333333333,
  "per_class_recall": [
    1.0,
    1.0,
    1.0,
    1.0,
    1.0,
    1.0,
    0.9333333333333333,
    1.0,
    1.0,
    1.0
  ],
  "per_class_precision": [
    1.0,
    1.0,
    1.0,
    0.9375,
    1.0,
    1.0,
    1.0,
    1.0,
    1.0,
    1.0
  ],
  "per_class_f1": [
    1.0,
    1.0,
    1.0,
    0.967741935483871,
    1.0,
    1.0,
    0.9655172413793104,
    1.0,
    1.0,
    1.0
  ],
  "per_class_support": [
    30,
    30,
    30,
    30,
    30,
    30,
    30,
    30,
    30,
    30
  ],
  "confusion_matrix": [
    [
      30,
      0,
      0,
      0,
      0,
      0,
      0,
      0,
      0,
      0
    ],
    [
      0,
      30,
      0,
      0,
      0,
      0,
      0,
      0,
      0,
      0
    ],
    [
      0,
      0,
      30,
      0,
      0,
      0,
      0,
      0,
      0,
      0
    ],
    [
      0,
      0,
      0,
      30,
      0,
      0,
      0,
      0,
      0,
      0
    ],
    [
      0,
      0,
      0,
      0,
      30,
      0,
      0,
      0,
      0,
      0
    ],
    [
      0,
      0,
      0,
      0,
      0,
      30,
      0,
      0,
      0,
      0
    ],
    [
      0,
      0,
      0,
      2,
      0,
      0,
      28,
      0,
      0,
      0
    ],
    [
      0,
      0,
      0,
      0,
      0,
      0,
      0,
      30,
      0,
      0
    ],
    [
      0,
      0,
      0,
      0,
      0,
      0,
      0,
      0,
      30,
      0
    ],
    [
      0,
      0,
      0,
      0,
      0,
      0,
      0,
      0,
      0,
      30
    ]
  ]
}