{
  "mean": -61.363826751708984,
  "std": 23.42321014404297,
  "labels": [
    0,
    1,
    2,
    3,
    4,
    5,
    6,
    7,
    8,
    9
  ],
  "preprocessing": {
    "sample_rate": 8000,
    "target_duration_seconds": 1.0,
    "n_fft": 256,
    "hop_length": 64,
    "n_mels": 32,
    "fmin": 50,
    "fmax": 3800
  }
}